tmdb_id,title
66732,Stranger Things
117685,Weaving a Tale of Love
1408,House
40008,Hannibal
60948,12 Monkeys
218230,Death's Game
72710,The Continental: From the World of John Wick
108545,3 Body Problem
204541,Three-Body
106841,Blossoms Shanghai
155226,Big Mouth
42009,Black Mirror
2301,The Thin Blue Line
135340,Happiness
46296,Spartacus
86799,The Hot Zone
119955,Dr. Brain
71796,The World's Most Extraordinary Homes
34307,Shameless
220801,Fool Me Once
134675,Little Women
56570,Outlander
89844,30 Coins
97727,Inside Job
86831,"Love, Death & Robots"
97645,Solar Opposites
80671,Cells at Work!
40075,Gravity Falls
60625,Rick and Morty
4327,Mr. Bean
202306,Di4ries
101873,Cells at Work! CODE BLACK
87784,Defending Jacob
197125,Constellation
110316,Alice in Borderland
112314,Archive 81
61746,Inside No. 9
118357,1883
153312,Tulsa King
85271,WandaVision
62852,Billions
157744,1923
